﻿<?xml version="1.0" encoding="utf-8"?>
<abapGit version="v1.0.0" serializer="LCL_OBJECT_CLAS" serializer_version="v1.0.0">
 <asx:abap xmlns:asx="http://www.sap.com/abapxml" version="1.0">
  <asx:values>
   <VSEOCLASS>
    <CLSNAME>ZCL_AOC_CHECK_49</CLSNAME>
    <LANGU>E</LANGU>
    <DESCRIPT>049 - Double space</DESCRIPT>
    <STATE>1</STATE>
    <CLSCCINCL>X</CLSCCINCL>
    <FIXPT>X</FIXPT>
    <UNICODE>X</UNICODE>
    <RSTAT>P</RSTAT>
    <WITH_UNIT_TESTS>X</WITH_UNIT_TESTS>
   </VSEOCLASS>
   <TPOOL>
    <item>
     <ID>I</ID>
     <KEY>M01</KEY>
     <ENTRY>Double space after IF</ENTRY>
     <LENGTH>42</LENGTH>
    </item>
    <item>
     <ID>I</ID>
     <KEY>M02</KEY>
     <ENTRY>Double space after SHIFT</ENTRY>
     <LENGTH>48</LENGTH>
    </item>
    <item>
     <ID>I</ID>
     <KEY>M03</KEY>
     <ENTRY>Double space after WHEN</ENTRY>
     <LENGTH>46</LENGTH>
    </item>
    <item>
     <ID>I</ID>
     <KEY>M04</KEY>
     <ENTRY>Double space after READ TABLE</ENTRY>
     <LENGTH>58</LENGTH>
    </item>
    <item>
     <ID>I</ID>
     <KEY>M05</KEY>
     <ENTRY>Double space after MODIFY</ENTRY>
     <LENGTH>50</LENGTH>
    </item>
    <item>
     <ID>I</ID>
     <KEY>M06</KEY>
     <ENTRY>Double space after DELETE</ENTRY>
     <LENGTH>50</LENGTH>
    </item>
    <item>
     <ID>I</ID>
     <KEY>M07</KEY>
     <ENTRY>Double space after COLLECT</ENTRY>
     <LENGTH>52</LENGTH>
    </item>
    <item>
     <ID>I</ID>
     <KEY>M08</KEY>
     <ENTRY>Double space after CHECK</ENTRY>
     <LENGTH>48</LENGTH>
    </item>
    <item>
     <ID>I</ID>
     <KEY>M09</KEY>
     <ENTRY>Double space after SORT</ENTRY>
     <LENGTH>46</LENGTH>
    </item>
    <item>
     <ID>I</ID>
     <KEY>M10</KEY>
     <ENTRY>Double space after REPORT</ENTRY>
     <LENGTH>50</LENGTH>
    </item>
    <item>
     <ID>I</ID>
     <KEY>M11</KEY>
     <ENTRY>Double space after ELSEIF</ENTRY>
     <LENGTH>50</LENGTH>
    </item>
    <item>
     <ID>I</ID>
     <KEY>M12</KEY>
     <ENTRY>Double space after DATA</ENTRY>
     <LENGTH>46</LENGTH>
    </item>
    <item>
     <ID>I</ID>
     <KEY>M13</KEY>
     <ENTRY>Double space after SET TITLEBAR</ENTRY>
     <LENGTH>62</LENGTH>
    </item>
    <item>
     <ID>I</ID>
     <KEY>M14</KEY>
     <ENTRY>Double space after MOVE-CORRESPONDING</ENTRY>
     <LENGTH>74</LENGTH>
    </item>
    <item>
     <ID>I</ID>
     <KEY>M15</KEY>
     <ENTRY>Double space after APPEND</ENTRY>
     <LENGTH>50</LENGTH>
    </item>
    <item>
     <ID>I</ID>
     <KEY>M16</KEY>
     <ENTRY>Double space in method call</ENTRY>
     <LENGTH>54</LENGTH>
    </item>
    <item>
     <ID>I</ID>
     <KEY>M17</KEY>
     <ENTRY>Double space after METHOD</ENTRY>
     <LENGTH>50</LENGTH>
    </item>
    <item>
     <ID>I</ID>
     <KEY>M18</KEY>
     <ENTRY>Double space after start parenthesis</ENTRY>
     <LENGTH>72</LENGTH>
    </item>
    <item>
     <ID>I</ID>
     <KEY>M19</KEY>
     <ENTRY>Double space before end parenthesis</ENTRY>
     <LENGTH>70</LENGTH>
    </item>
   </TPOOL>
   <LINES>
    <TLINE>
     <TDFORMAT>*</TDFORMAT>
     <TDLINE>abapOpenChecks</TDLINE>
    </TLINE>
    <TLINE>
     <TDFORMAT>*</TDFORMAT>
     <TDLINE>https://github.com/larshp/abapOpenChecks</TDLINE>
    </TLINE>
    <TLINE>
     <TDFORMAT>*</TDFORMAT>
     <TDLINE>MIT License</TDLINE>
    </TLINE>
   </LINES>
  </asx:values>
 </asx:abap>
</abapGit>
