﻿<?xml version="1.0" encoding="utf-8"?>
<abapGit version="v1.0.0" serializer="LCL_OBJECT_CLAS" serializer_version="v1.0.0">
 <asx:abap xmlns:asx="http://www.sap.com/abapxml" version="1.0">
  <asx:values>
   <VSEOCLASS>
    <CLSNAME>ZCL_AOC_CHECK_69</CLSNAME>
    <LANGU>E</LANGU>
    <DESCRIPT>069 - Prefix Naming Conventions</DESCRIPT>
    <STATE>1</STATE>
    <CLSCCINCL>X</CLSCCINCL>
    <FIXPT>X</FIXPT>
    <UNICODE>X</UNICODE>
    <RSTAT>P</RSTAT>
    <WITH_UNIT_TESTS>X</WITH_UNIT_TESTS>
   </VSEOCLASS>
   <TPOOL>
    <item>
     <ID>I</ID>
     <KEY>M01</KEY>
     <ENTRY>Bad naming, expected &amp;1, got &amp;2</ENTRY>
     <LENGTH>62</LENGTH>
    </item>
    <item>
     <ID>I</ID>
     <KEY>M02</KEY>
     <ENTRY>Error qualifying tokens</ENTRY>
     <LENGTH>46</LENGTH>
    </item>
    <item>
     <ID>I</ID>
     <KEY>M03</KEY>
     <ENTRY>Syntax error</ENTRY>
     <LENGTH>22</LENGTH>
    </item>
    <item>
     <ID>I</ID>
     <KEY>M04</KEY>
     <ENTRY>Error reading FM parameters</ENTRY>
     <LENGTH>54</LENGTH>
    </item>
    <item>
     <ID>I</ID>
     <KEY>M05</KEY>
     <ENTRY>Unable to resolve &amp;1</ENTRY>
     <LENGTH>40</LENGTH>
    </item>
   </TPOOL>
   <LINES>
    <TLINE>
     <TDFORMAT>*</TDFORMAT>
     <TDLINE>abapOpenChecks</TDLINE>
    </TLINE>
    <TLINE>
     <TDFORMAT>*</TDFORMAT>
     <TDLINE>https://github.com/larshp/abapOpenChecks</TDLINE>
    </TLINE>
    <TLINE>
     <TDFORMAT>*</TDFORMAT>
     <TDLINE>MIT License</TDLINE>
    </TLINE>
   </LINES>
  </asx:values>
 </asx:abap>
</abapGit>
