﻿<?xml version="1.0" encoding="utf-8"?>
<abapGit version="v1.0.0" serializer="LCL_OBJECT_TABL" serializer_version="v1.0.0">
 <asx:abap xmlns:asx="http://www.sap.com/abapxml" version="1.0">
  <asx:values>
   <DD02V>
    <TABNAME>ZAOC_NAMING_PROC</TABNAME>
    <DDLANGUAGE>E</DDLANGUAGE>
    <TABCLASS>INTTAB</TABCLASS>
    <DDTEXT>Procedural Naming</DDTEXT>
    <EXCLASS>1</EXCLASS>
   </DD02V>
   <DD03P_TABLE>
    <DD03P>
     <FIELDNAME>PROC_FIMPOR</FIELDNAME>
     <ADMINFIELD>0</ADMINFIELD>
     <INTTYPE>g</INTTYPE>
     <INTLEN>000008</INTLEN>
     <DATATYPE>SSTR</DATATYPE>
     <LENG>000040</LENG>
     <MASK>  SSTR</MASK>
     <DDTEXT>IMPORTING</DDTEXT>
    </DD03P>
    <DD03P>
     <FIELDNAME>PROC_FEXPOR</FIELDNAME>
     <ADMINFIELD>0</ADMINFIELD>
     <INTTYPE>g</INTTYPE>
     <INTLEN>000008</INTLEN>
     <DATATYPE>SSTR</DATATYPE>
     <LENG>000040</LENG>
     <MASK>  SSTR</MASK>
     <DDTEXT>EXPORTING</DDTEXT>
    </DD03P>
    <DD03P>
     <FIELDNAME>PROC_FCHANG</FIELDNAME>
     <ADMINFIELD>0</ADMINFIELD>
     <INTTYPE>g</INTTYPE>
     <INTLEN>000008</INTLEN>
     <DATATYPE>SSTR</DATATYPE>
     <LENG>000040</LENG>
     <MASK>  SSTR</MASK>
     <DDTEXT>CHANGING</DDTEXT>
    </DD03P>
    <DD03P>
     <FIELDNAME>PROC_FTABLE</FIELDNAME>
     <ADMINFIELD>0</ADMINFIELD>
     <INTTYPE>g</INTTYPE>
     <INTLEN>000008</INTLEN>
     <DATATYPE>SSTR</DATATYPE>
     <LENG>000040</LENG>
     <MASK>  SSTR</MASK>
     <DDTEXT>TABLES</DDTEXT>
    </DD03P>
    <DD03P>
     <FIELDNAME>PROC_FOUSIN</FIELDNAME>
     <ADMINFIELD>0</ADMINFIELD>
     <INTTYPE>g</INTTYPE>
     <INTLEN>000008</INTLEN>
     <DATATYPE>SSTR</DATATYPE>
     <LENG>000040</LENG>
     <MASK>  SSTR</MASK>
     <DDTEXT>USING</DDTEXT>
    </DD03P>
    <DD03P>
     <FIELDNAME>PROC_FOCHAN</FIELDNAME>
     <ADMINFIELD>0</ADMINFIELD>
     <INTTYPE>g</INTTYPE>
     <INTLEN>000008</INTLEN>
     <DATATYPE>SSTR</DATATYPE>
     <LENG>000040</LENG>
     <MASK>  SSTR</MASK>
     <DDTEXT>CHANGING</DDTEXT>
    </DD03P>
    <DD03P>
     <FIELDNAME>PROC_FOTABL</FIELDNAME>
     <ADMINFIELD>0</ADMINFIELD>
     <INTTYPE>g</INTTYPE>
     <INTLEN>000008</INTLEN>
     <DATATYPE>SSTR</DATATYPE>
     <LENG>000040</LENG>
     <MASK>  SSTR</MASK>
     <DDTEXT>TABLES</DDTEXT>
    </DD03P>
    <DD03P>
     <FIELDNAME>PROC_PGDATA</FIELDNAME>
     <ADMINFIELD>0</ADMINFIELD>
     <INTTYPE>g</INTTYPE>
     <INTLEN>000008</INTLEN>
     <DATATYPE>SSTR</DATATYPE>
     <LENG>000040</LENG>
     <MASK>  SSTR</MASK>
     <DDTEXT>DATA</DDTEXT>
    </DD03P>
    <DD03P>
     <FIELDNAME>PROC_PGFISY</FIELDNAME>
     <ADMINFIELD>0</ADMINFIELD>
     <INTTYPE>g</INTTYPE>
     <INTLEN>000008</INTLEN>
     <DATATYPE>SSTR</DATATYPE>
     <LENG>000040</LENG>
     <MASK>  SSTR</MASK>
     <DDTEXT>FIELD-SYMBOLS</DDTEXT>
    </DD03P>
    <DD03P>
     <FIELDNAME>PROC_PGCONS</FIELDNAME>
     <ADMINFIELD>0</ADMINFIELD>
     <INTTYPE>g</INTTYPE>
     <INTLEN>000008</INTLEN>
     <DATATYPE>SSTR</DATATYPE>
     <LENG>000040</LENG>
     <MASK>  SSTR</MASK>
     <DDTEXT>CONSTANTS</DDTEXT>
    </DD03P>
    <DD03P>
     <FIELDNAME>PROC_PGTYPE</FIELDNAME>
     <ADMINFIELD>0</ADMINFIELD>
     <INTTYPE>g</INTTYPE>
     <INTLEN>000008</INTLEN>
     <DATATYPE>SSTR</DATATYPE>
     <LENG>000040</LENG>
     <MASK>  SSTR</MASK>
     <DDTEXT>TYPES</DDTEXT>
    </DD03P>
    <DD03P>
     <FIELDNAME>PROC_PGSELO</FIELDNAME>
     <ADMINFIELD>0</ADMINFIELD>
     <INTTYPE>g</INTTYPE>
     <INTLEN>000008</INTLEN>
     <DATATYPE>SSTR</DATATYPE>
     <LENG>000040</LENG>
     <MASK>  SSTR</MASK>
     <DDTEXT>SELECT-OPTIONS</DDTEXT>
    </DD03P>
    <DD03P>
     <FIELDNAME>PROC_PGPARA</FIELDNAME>
     <ADMINFIELD>0</ADMINFIELD>
     <INTTYPE>g</INTTYPE>
     <INTLEN>000008</INTLEN>
     <DATATYPE>SSTR</DATATYPE>
     <LENG>000040</LENG>
     <MASK>  SSTR</MASK>
     <DDTEXT>PARAMETERS</DDTEXT>
    </DD03P>
   </DD03P_TABLE>
  </asx:values>
 </asx:abap>
</abapGit>
