﻿<?xml version="1.0" encoding="utf-8"?>
<abapGit version="v1.0.0" serializer="LCL_OBJECT_TABL" serializer_version="v1.0.0">
 <asx:abap xmlns:asx="http://www.sap.com/abapxml" version="1.0">
  <asx:values>
   <DD02V>
    <TABNAME>ZAOC_NAMING_LOCALS</TABNAME>
    <DDLANGUAGE>E</DDLANGUAGE>
    <TABCLASS>INTTAB</TABCLASS>
    <DDTEXT>Locals Naming</DDTEXT>
    <EXCLASS>1</EXCLASS>
   </DD02V>
   <DD03P_TABLE>
    <DD03P>
     <FIELDNAME>LOCALS_DATA</FIELDNAME>
     <ADMINFIELD>0</ADMINFIELD>
     <INTTYPE>g</INTTYPE>
     <INTLEN>000008</INTLEN>
     <DATATYPE>SSTR</DATATYPE>
     <LENG>000040</LENG>
     <MASK>  SSTR</MASK>
     <DDTEXT>DATA</DDTEXT>
    </DD03P>
    <DD03P>
     <FIELDNAME>LOCALS_STATIC</FIELDNAME>
     <ADMINFIELD>0</ADMINFIELD>
     <INTTYPE>g</INTTYPE>
     <INTLEN>000008</INTLEN>
     <DATATYPE>SSTR</DATATYPE>
     <LENG>000040</LENG>
     <MASK>  SSTR</MASK>
     <DDTEXT>STATICS</DDTEXT>
    </DD03P>
    <DD03P>
     <FIELDNAME>LOCALS_FSYMBO</FIELDNAME>
     <ADMINFIELD>0</ADMINFIELD>
     <INTTYPE>g</INTTYPE>
     <INTLEN>000008</INTLEN>
     <DATATYPE>SSTR</DATATYPE>
     <LENG>000040</LENG>
     <MASK>  SSTR</MASK>
     <DDTEXT>FIELD-SYMBOLS</DDTEXT>
    </DD03P>
    <DD03P>
     <FIELDNAME>LOCALS_LCONST</FIELDNAME>
     <ADMINFIELD>0</ADMINFIELD>
     <INTTYPE>g</INTTYPE>
     <INTLEN>000008</INTLEN>
     <DATATYPE>SSTR</DATATYPE>
     <LENG>000040</LENG>
     <MASK>  SSTR</MASK>
     <DDTEXT>CONSTANTS</DDTEXT>
    </DD03P>
    <DD03P>
     <FIELDNAME>LOCALS_LTYPES</FIELDNAME>
     <ADMINFIELD>0</ADMINFIELD>
     <INTTYPE>g</INTTYPE>
     <INTLEN>000008</INTLEN>
     <DATATYPE>SSTR</DATATYPE>
     <LENG>000040</LENG>
     <MASK>  SSTR</MASK>
     <DDTEXT>TYPES</DDTEXT>
    </DD03P>
   </DD03P_TABLE>
  </asx:values>
 </asx:abap>
</abapGit>
